code,month,year,total_flights,total_delays,total_time,ratio_delayed
ATL,January,2005,35048,8355,465533,23.838735448527736
DEN,January,2005,12687,3153,182797,24.852210924568453
IAD,January,2005,12381,2430,134881,19.626847589047735
ORD,January,2005,28194,9178,638894,32.55302546641129
SAN,January,2005,7283,1952,91552,26.802141974461076
SFO,January,2005,10274,2816,157275,27.40899357601713
SLC,January,2005,12000,2525,130332,21.041666666666668
ATL,February,2005,33702,9195,527523,27.283247285027596
DEN,February,2005,11480,1788,79349,15.574912891986061
IAD,February,2005,10042,1639,78878,16.32144991037642
ORD,February,2005,25665,5269,294866,20.529904539255796
SAN,February,2005,6543,1635,72676,24.988537368179735
SFO,February,2005,9327,2122,110995,22.75115256781387
SLC,February,2005,12404,1947,84874,15.69654950016124
ATL,March,2005,37806,9431,691887,24.945775802782627
DEN,March,2005,12979,2062,97456,15.887202403883197
IAD,March,2005,11249,1921,105404,17.077073517646014
ORD,March,2005,28785,6544,359696,22.734062879972207
SAN,March,2005,7298,1324,54626,18.14195670046588
SFO,March,2005,10532,2148,118617,20.394986707178123
SLC,March,2005,14115,2426,103231,17.18738930216082
ATL,April,2005,36881,5748,397044,15.585260703343184
DEN,April,2005,12275,1476,68750,12.024439918533606
IAD,April,2005,10997,1508,80062,13.712830772028736
ORD,April,2005,27634,3786,188222,13.700513859738003
SAN,April,2005,7091,1095,42462,15.442109716542095
SFO,April,2005,10210,1470,73097,14.397649363369247
SLC,April,2005,13398,1546,63090,11.539035676966712
ATL,May,2005,38076,5813,338174,15.266834751549533
DEN,May,2005,16211,2174,102138,13.410647091481092
IAD,May,2005,11189,2020,93711,18.05344534810975
ORD,May,2005,28523,5195,335909,18.21337166497213
SAN,May,2005,7512,1117,47583,14.86954206602769
SFO,May,2005,10954,2217,122879,20.239182033960198
SLC,May,2005,13822,1480,64956,10.707567645782087
ATL,June,2005,37209,10986,630716,29.525114891558495
DEN,June,2005,16953,3310,183097,19.52456792308146
IAD,June,2005,10743,2926,196285,27.236339942288
ORD,June,2005,27756,7643,480472,27.536388528606427
SAN,June,2005,7574,1661,78675,21.930287826775814
SFO,June,2005,11089,2978,158460,26.85544233023717
SLC,June,2005,13860,2203,98063,15.894660894660895
ATL,July,2005,37584,13699,989367,36.449020859940404
DEN,July,2005,17989,3323,187112,18.472399799877703
IAD,July,2005,11152,3245,218403,29.09791965566714
ORD,July,2005,28283,7641,557902,27.016228830039246
SAN,July,2005,7862,1769,91481,22.500635970490972
SFO,July,2005,11579,2548,146341,22.005354521115812
SLC,July,2005,14472,2257,106114,15.595632946379215
ATL,August,2005,37886,12861,810633,33.94657657182073
DEN,August,2005,17827,2682,131957,15.044595276827286
IAD,August,2005,11064,2133,111064,19.27874186550976
ORD,August,2005,28662,5533,308603,19.304305352034053
SAN,August,2005,7946,1629,72704,20.50088094638812
SFO,August,2005,11598,2638,139683,22.74530091395068
SLC,August,2005,14630,2206,97444,15.078605604921394
ATL,September,2005,33631,4731,216147,14.067378311676727
DEN,September,2005,16297,1632,77057,10.014113026937473
IAD,September,2005,9398,1134,51294,12.066397105767185
ORD,September,2005,27474,4717,268869,17.168959743757732
SAN,September,2005,7451,1286,47963,17.25942826466246
SFO,September,2005,10765,2212,103135,20.548072457036692
SLC,September,2005,13720,1641,65728,11.960641399416911
ATL,October,2005,35282,7493,388718,21.237458193979933
DEN,October,2005,16498,1876,100663,11.371075281852345
IAD,October,2005,9262,1447,68703,15.62297559922263
ORD,October,2005,29083,3538,189068,12.16518240896744
SAN,October,2005,7641,1321,53688,17.288313048030364
SFO,October,2005,11104,2134,109836,19.21829971181556
SLC,October,2005,13962,1446,60784,10.35668242372153
ATL,November,2005,33063,7140,447832,21.595136557481172
DEN,November,2005,15317,1913,82485,12.489390872886336
IAD,November,2005,7408,1021,53799,13.782397408207345
ORD,November,2005,28453,6466,383760,22.725195937159526
SAN,November,2005,7239,976,38247,13.482525210664456
SFO,November,2005,10584,2495,131876,23.57331821617536
SLC,November,2005,12970,1947,75354,15.011565150346954
ATL,December,2005,33632,9899,558590,29.43327783063749
DEN,December,2005,16404,4293,206363,26.170446232626187
IAD,December,2005,7494,1466,72899,19.56231651988257
ORD,December,2005,29229,9479,609512,32.43012077046769
SAN,December,2005,7590,1810,77392,23.847167325428195
SFO,December,2005,10972,4307,311645,39.25446591323369
SLC,December,2005,11469,2644,113820,23.053448426192343
ATL,January,2006,33274,8109,548821,24.370379275109695
DEN,January,2006,17971,2958,140028,16.4598519837516
IAD,January,2006,6917,1458,91215,21.07850224085586
ORD,January,2006,30828,7177,441216,23.280783703127028
SAN,January,2006,7598,1251,55793,16.4648591734667
SFO,January,2006,10727,2693,140948,25.104875547683413
SLC,January,2006,11423,1954,80591,17.10583909655957
ATL,February,2006,30438,8013,433210,26.325645574610686
DEN,February,2006,16751,3839,189747,22.918034744194376
IAD,February,2006,7078,1233,72634,17.420175190731847
ORD,February,2006,28150,6545,398509,23.25044404973357
SAN,February,2006,6962,1740,80502,24.992818155702384
SFO,February,2006,9742,3048,161355,31.287210018476696
SLC,February,2006,10375,2200,94857,21.204819277108435
ATL,March,2006,34988,7870,386308,22.493426317594604
DEN,March,2006,19193,4622,238803,24.081696451831398
IAD,March,2006,8256,1353,79756,16.388081395348838
ORD,March,2006,31685,9608,696455,30.32349692283415
SAN,March,2006,7882,1897,80736,24.067495559502664
SFO,March,2006,10964,4117,240083,37.55016417365925
SLC,March,2006,11997,2636,130539,21.972159706593313
ATL,April,2006,33251,7104,381112,21.3647709843313
DEN,April,2006,18308,2744,129465,14.987983395237055
IAD,April,2006,7963,1389,76429,17.443174682908452
ORD,April,2006,30698,7637,510107,24.87784220470389
SAN,April,2006,7468,1667,69846,22.32190680235672
SFO,April,2006,10824,3413,186825,31.531781226903178
SLC,April,2006,11402,1486,69039,13.032801262936328
ATL,May,2006,34291,7534,375984,21.97077950482634
DEN,May,2006,19932,3114,153881,15.623118603251054
IAD,May,2006,8085,1525,85115,18.86209029066172
ORD,May,2006,31976,8995,684128,28.13047285464098
SAN,May,2006,7896,1343,57310,17.008611955420466
SFO,May,2006,11105,2347,113322,21.134624043223774
SLC,May,2006,11783,1163,53456,9.87015191377408
ATL,June,2006,33787,8470,559269,25.06881344895966
DEN,June,2006,20096,4082,222066,20.3125
IAD,June,2006,7838,2188,176243,27.915284511354937
ORD,June,2006,31286,8121,530444,25.957297193632932
SAN,June,2006,7893,1656,75457,20.980615735461804
SFO,June,2006,11128,3107,162368,27.920560747663554
SLC,June,2006,12155,1926,89041,15.845331139448787
ATL,July,2006,35419,8836,485791,24.947062311188912
DEN,July,2006,20934,4157,243299,19.857647845610014
IAD,July,2006,8018,2292,167129,28.585682215016213
ORD,July,2006,31890,8457,617666,26.519285042333017
SAN,July,2006,8173,1790,80340,21.901382601248013
SFO,July,2006,11625,2561,155629,22.03010752688172
SLC,July,2006,12847,1799,82120,14.003269245738304
ATL,August,2006,35276,9726,587253,27.57115319197188
DEN,August,2006,21498,3708,193388,17.24811610382361
IAD,August,2006,8330,1750,110378,21.008403361344538
ORD,August,2006,32338,8769,595892,27.11670480549199
SAN,August,2006,8231,1633,69869,19.839630664560808
SFO,August,2006,11850,3212,167448,27.10548523206751
SLC,August,2006,12942,1742,78206,13.460052542110956
ATL,September,2006,32927,11991,721245,36.4169222826252
DEN,September,2006,19568,3547,174510,18.12653311529027
IAD,September,2006,7744,1640,105623,21.17768595041322
ORD,September,2006,30768,9052,681860,29.420176807072284
SAN,September,2006,7593,1391,57774,18.319504807059133
SFO,September,2006,10821,2472,131969,22.84446908788467
SLC,September,2006,11784,1650,76438,14.0020366598778
ATL,October,2006,34692,13124,744230,37.83004727314655
DEN,October,2006,19935,4163,211145,20.882869325307247
IAD,October,2006,8451,1865,118909,22.068394272867117
ORD,October,2006,32244,10412,816319,32.291278997642976
SAN,October,2006,7912,1698,67715,21.461071789686553
SFO,October,2006,11231,2894,156059,25.767963671979345
SLC,October,2006,11997,1856,89479,15.470534300241729
ATL,November,2006,33691,8290,397996,24.60597785758808
DEN,November,2006,18580,2866,141512,15.42518837459634
IAD,November,2006,8621,2069,109253,23.9995360167034
ORD,November,2006,30537,7536,489666,24.67825916101778
SAN,November,2006,7519,1332,60059,17.715121691714327
SFO,November,2006,10723,3052,181229,28.462184090273247
SLC,November,2006,11383,1722,76030,15.127822190986558
ATL,December,2006,32795,6606,346376,20.14331452965391
DEN,December,2006,19599,4774,271849,24.358385631919997
IAD,December,2006,8710,2067,121146,23.731343283582092
ORD,December,2006,31399,11592,859189,36.91837319659862
SAN,December,2006,7788,1688,80608,21.6743708269132
SFO,December,2006,11065,3398,194187,30.709444193402618
SLC,December,2006,12174,2890,155215,23.739116149170364
ATL,January,2007,32266,6653,375734,20.619227669993183
DEN,January,2007,20057,5790,302943,28.86772697811238
IAD,January,2007,8572,1822,99051,21.25524965002333
ORD,January,2007,31839,10628,737403,33.38044536574641
SAN,January,2007,7674,1579,70215,20.57597081052906
SFO,January,2007,10928,2599,132770,23.782942898975108
SLC,January,2007,12187,3618,201790,29.687371789611884
ATL,February,2007,29766,6802,373702,22.851575623194247
DEN,February,2007,18321,5241,282526,28.60651711151138
IAD,February,2007,7691,2087,153171,27.135613054219217
ORD,February,2007,28988,10968,748144,37.83634607423762
SAN,February,2007,6920,1683,80792,24.320809248554916
SFO,February,2007,9938,3589,212548,36.113906218555044
SLC,February,2007,11011,2780,140133,25.247479792934342
ATL,March,2007,34033,6341,356621,18.631916081450356
DEN,March,2007,20757,3869,209283,18.639495110083345
IAD,March,2007,8672,2231,129026,25.726476014760145
ORD,March,2007,32447,10591,840344,32.640922119148144
SAN,March,2007,7824,1365,63475,17.446319018404907
SFO,March,2007,11223,2011,102135,17.918560099795062
SLC,March,2007,12661,1914,86566,15.117289313640313
ATL,April,2007,32891,5796,305789,17.621841841233163
DEN,April,2007,19579,3641,178213,18.596455385872616
IAD,April,2007,8239,1971,119473,23.92280616579682
ORD,April,2007,31292,9673,720092,30.912054199156337
SAN,April,2007,7440,1379,63152,18.53494623655914
SFO,April,2007,10976,2509,126057,22.858965014577258
SLC,April,2007,11715,1245,56695,10.627400768245838
ATL,May,2007,34178,5471,268184,16.00737316402364
DEN,May,2007,20240,4156,219193,20.533596837944664
IAD,May,2007,8233,1695,86568,20.587878051742987
ORD,May,2007,32385,7340,442090,22.664813957078895
SAN,May,2007,7925,1273,59700,16.063091482649842
SFO,May,2007,11548,2893,156387,25.051957048839625
SLC,May,2007,11625,1304,61615,11.217204301075268
ATL,June,2007,35978,10622,704474,29.52359775418311
DEN,June,2007,20269,5018,293581,24.757018106468006
IAD,June,2007,7511,2258,151636,30.0625748901611
ORD,June,2007,31528,9438,693494,29.935295610251206
SAN,June,2007,8339,1905,100836,22.84446576328097
SFO,June,2007,11856,3601,205254,30.372807017543856
SLC,June,2007,12934,2639,125792,20.40358744394619
ATL,July,2007,36992,11931,768799,32.25291955017301
DEN,July,2007,21356,4857,266870,22.743023038022102
IAD,July,2007,7334,2040,130339,27.81565312244341
ORD,July,2007,32047,8364,559444,26.099166848690984
SAN,July,2007,8718,1931,102580,22.149575590731818
SFO,July,2007,12345,3904,226945,31.62413932766302
SLC,July,2007,13570,2913,135307,21.466470154753132
ATL,August,2007,37284,10970,700967,29.42280871151164
DEN,August,2007,21412,5048,280545,23.57556510368018
IAD,August,2007,7345,1882,126312,25.622872702518716
ORD,August,2007,32483,10068,692508,30.99467413724102
SAN,August,2007,8854,1930,98173,21.79805737519765
SFO,August,2007,12456,3820,215234,30.667951188182403
SLC,August,2007,13564,2614,121108,19.271601297552344
ATL,September,2007,34271,6862,431373,20.022759767733653
DEN,September,2007,19261,2571,123801,13.3482166034993
IAD,September,2007,6679,1023,53661,15.316664171283126
ORD,September,2007,30436,5906,373053,19.404652385333158
SAN,September,2007,8389,1300,56961,15.496483490284895
SFO,September,2007,11567,2893,154537,25.010806604996976
SLC,September,2007,12015,1704,72577,14.182272159800249
ATL,October,2007,36942,9107,482804,24.652157435980726
DEN,October,2007,19967,3084,143385,15.44548505033305
IAD,October,2007,6954,1410,76691,20.276100086281275
ORD,October,2007,32012,7030,417112,21.960514806947394
SAN,October,2007,8660,1607,67934,18.556581986143186
SFO,October,2007,12042,3672,213570,30.493273542600896
SLC,October,2007,12282,1648,69486,13.418010096075559
ATL,November,2007,34674,5914,320368,17.056007383053583
DEN,November,2007,19334,3144,141665,16.26150822385435
IAD,November,2007,6895,1233,67211,17.882523567802757
ORD,November,2007,30041,7107,428156,23.65766785393296
SAN,November,2007,8202,1582,69423,19.28797854181907
SFO,November,2007,11603,3108,185504,26.78617598896837
SLC,November,2007,11871,1293,55112,10.892089967146829
ATL,December,2007,34592,10483,567731,30.304694727104533
DEN,December,2007,20208,7484,431513,37.034837688044334
IAD,December,2007,6906,2172,151185,31.4509122502172
ORD,December,2007,30253,12652,982876,41.82064588635838
SAN,December,2007,8357,2325,115000,27.82098839296398
SFO,December,2007,11940,4358,280774,36.49916247906197
SLC,December,2007,12354,4286,217182,34.69321677189574
ATL,January,2008,33881,6570,349786,19.39139930934742
DEN,January,2008,19482,4540,241072,23.30356226260138
IAD,January,2008,6792,1597,99323,23.512956419316843
ORD,January,2008,29936,11387,951321,38.03781400320684
SAN,January,2008,8031,2165,106998,26.9580376042834
SFO,January,2008,11560,5131,415837,44.38581314878893
SLC,January,2008,12364,3497,198649,28.283726949207377
ATL,February,2008,32357,8657,514029,26.75464350835986
DEN,February,2008,18667,4474,233139,23.967429153050837
IAD,February,2008,6411,1693,112062,26.407736702542508
ORD,February,2008,27987,11011,841794,39.34326651659699
SAN,February,2008,7478,1891,97130,25.28751002941963
SFO,February,2008,10817,3611,242759,33.38263843949339
SLC,February,2008,11681,2615,128948,22.38678195359986
ATL,March,2008,36089,10144,627830,28.108287843941365
DEN,March,2008,20604,4508,222103,21.87924674820423
IAD,March,2008,6886,1630,94936,23.671216961951785
ORD,March,2008,30085,8945,654530,29.73242479641017
SAN,March,2008,8080,1715,75912,21.225247524752476
SFO,March,2008,11810,3010,153775,25.486875529212533
SLC,March,2008,12685,2282,100343,17.98975167520694
ATL,April,2008,34623,7157,415346,20.671230107154205
DEN,April,2008,19664,3488,160179,17.737998372660698
IAD,April,2008,6396,1415,86536,22.12320200125078
ORD,April,2008,30003,7461,509144,24.86751324867513
SAN,April,2008,8005,1491,63002,18.625858838226108
SFO,April,2008,11542,2573,127645,22.292496967596602
SLC,April,2008,11653,1315,57613,11.284647730198232
ATL,May,2008,34572,5217,256003,15.090246442207567
DEN,May,2008,20765,4782,221523,23.02913556465206
IAD,May,2008,6521,1215,71570,18.632111639319124
ORD,May,2008,30757,7113,472967,23.126442760997495
SAN,May,2008,8350,1996,79506,23.904191616766468
SFO,May,2008,12115,3266,167933,26.958316137020223
SLC,May,2008,11584,1256,54608,10.842541436464089
ATL,June,2008,35413,7670,443304,21.658712902041625
DEN,June,2008,21335,5585,291491,26.177642371689714
IAD,June,2008,6501,2200,167188,33.840947546531304
ORD,June,2008,30542,11952,882293,39.13299718420536
SAN,June,2008,8350,2325,112307,27.844311377245507
SFO,June,2008,12304,4861,301876,39.50747724317295
SLC,June,2008,12202,1966,93011,16.112112768398624
ATL,July,2008,36434,9817,816935,26.944612175440525
DEN,July,2008,22040,4311,249919,19.55989110707804
IAD,July,2008,6764,1859,129702,27.483737433471315
ORD,July,2008,31602,8600,572383,27.213467502056833
SAN,July,2008,8613,1516,82550,17.601300359921048
SFO,July,2008,12842,3904,252590,30.40024918237035
SLC,July,2008,12476,1547,84944,12.39980763065085
ATL,August,2008,35578,7673,484245,21.566698521558266
DEN,August,2008,21762,4221,233505,19.396195202646815
IAD,August,2008,6559,1413,93034,21.54291812776338
ORD,August,2008,30773,5713,396248,18.564975790465667
SAN,August,2008,8346,1437,73938,17.21782890007189
SFO,August,2008,12646,3234,195468,25.57330381148189
SLC,August,2008,12382,1390,72522,11.225973186884186
ATL,September,2008,33099,4556,216088,13.76476630713919
DEN,September,2008,19141,2241,103004,11.707852254323182
IAD,September,2008,5814,1146,59043,19.711042311661505
ORD,September,2008,28251,6008,398467,21.266503840572014
SAN,September,2008,7131,710,30087,9.956527836208105
SFO,September,2008,11323,1976,114150,17.451205510907002
SLC,September,2008,10479,677,30528,6.460540127874798
ATL,October,2008,34700,6603,351264,19.028818443804035
DEN,October,2008,19609,2189,98323,11.163241368759243
IAD,October,2008,5914,848,46841,14.338856949611092
ORD,October,2008,28834,4157,238524,14.417007699243948
SAN,October,2008,7364,765,33287,10.388375882672461
SFO,October,2008,11657,2098,109368,17.997769580509566
SLC,October,2008,10617,728,30483,6.8569275689931235
ATL,November,2008,33872,7851,441422,23.17843646669816
DEN,November,2008,18588,2265,110748,12.185280826339575
IAD,November,2008,5619,858,47367,15.269620928990923
ORD,November,2008,25294,4108,249237,16.24100577211987
SAN,November,2008,6917,898,47169,12.982506867138932
SFO,November,2008,10753,2321,142297,21.58467404445271
SLC,November,2008,10095,847,38177,8.390292223873203
ATL,December,2008,33903,11791,651758,34.77863315930744
DEN,December,2008,19813,6338,368097,31.98909806692576
IAD,December,2008,5845,1494,101084,25.560307955517537
ORD,December,2008,26388,9506,780636,36.0239502804305
SAN,December,2008,7085,2265,132395,31.96894848270995
SFO,December,2008,11210,4277,287513,38.153434433541484
SLC,December,2008,10859,3216,204066,29.61598673911042
ATL,January,2009,33320,8463,407662,25.399159663865547
DEN,January,2009,19447,3863,186948,19.864246413328534
IAD,January,2009,5556,980,53917,17.63858891288697
ORD,January,2009,25985,6255,392162,24.071579757552435
SAN,January,2009,6919,1127,51843,16.288480994363347
SFO,January,2009,10948,2669,165292,24.37888198757764
SLC,January,2009,11051,1840,89933,16.650076916116188
ATL,February,2009,30762,5636,297706,18.321305506794097
DEN,February,2009,17977,2528,117788,14.062413083384323
IAD,February,2009,5057,703,40446,13.901522641882538
ORD,February,2009,23916,3696,243765,15.45408931259408
SAN,February,2009,6325,1257,54697,19.873517786561266
SFO,February,2009,10016,3599,271442,35.93250798722045
SLC,February,2009,9995,1200,52300,12.006003001500751
ATL,March,2009,35669,11059,683696,31.004513723401274
DEN,March,2009,20593,3356,175269,16.29679988345554
IAD,March,2009,5775,989,59856,17.125541125541126
ORD,March,2009,26964,4835,325496,17.93131582851209
SAN,March,2009,7052,1268,56470,17.98071469086784
SFO,March,2009,11296,2892,165367,25.601983002832863
SLC,March,2009,11207,1470,69138,13.116801998750779
ATL,April,2009,34417,8923,569348,25.92614115117529
DEN,April,2009,19127,3063,157627,16.01401160662937
IAD,April,2009,5558,837,50623,15.059373875494783
ORD,April,2009,25871,4587,313352,17.730277144292838
SAN,April,2009,6824,1074,50589,15.738569753810083
SFO,April,2009,10990,2406,145338,21.8926296633303
SLC,April,2009,10741,1188,53614,11.060422679452566
ATL,May,2009,35135,10324,511190,29.38380532232816
DEN,May,2009,19761,2975,140527,15.054906128232377
IAD,May,2009,5644,1081,61372,19.153082919914954
ORD,May,2009,26509,4002,242910,15.096759591082273
SAN,May,2009,7178,1002,45573,13.959320144887155
SFO,May,2009,11491,3481,213638,30.29327299625794
SLC,May,2009,10956,942,39271,8.598028477546551
ATL,June,2009,36343,7967,483746,21.921690559392456
DEN,June,2009,20995,5962,340588,28.397237437485117
IAD,June,2009,5962,1311,92160,21.989265347198927
ORD,June,2009,26907,5672,405787,21.080016352621993
SAN,June,2009,7296,1755,84950,24.054276315789476
SFO,June,2009,12033,3754,236256,31.19754009806366
SLC,June,2009,11972,2177,101688,18.184096224523888
ATL,July,2009,38241,10482,691581,27.410371067702204
DEN,July,2009,21627,4674,233955,21.611874046330975
IAD,July,2009,6170,1114,69923,18.055105348460295
ORD,July,2009,27567,4241,241627,15.384336344179635
SAN,July,2009,7553,1448,66262,19.171190255527605
SFO,July,2009,12516,3186,179207,25.455417066155324
SLC,July,2009,12642,1824,83661,14.428096820123399
ATL,August,2009,37499,9980,564003,26.61404304114776
DEN,August,2009,21343,3312,164858,15.517968420559432
IAD,August,2009,6055,1113,69036,18.381502890173408
ORD,August,2009,27575,5442,338463,19.73526745240254
SAN,August,2009,7382,1128,54085,15.280411812516933
SFO,August,2009,12470,2862,164528,22.951082598235768
SLC,August,2009,12268,1509,66292,12.300293446364526
ATL,September,2009,34017,8260,488406,24.28197665872946
DEN,September,2009,18901,2089,95216,11.052325273795036
IAD,September,2009,5116,647,33322,12.64659890539484
ORD,September,2009,25917,2868,162327,11.066095612918161
SAN,September,2009,6636,664,27558,10.006027727546716
SFO,September,2009,11217,1594,86796,14.210573237050905
SLC,September,2009,10298,943,46770,9.157117886968344
ATL,October,2009,35768,10016,532243,28.002683963319168
DEN,October,2009,19403,4433,219202,22.846982425398135
IAD,October,2009,5282,784,40644,14.842862552063613
ORD,October,2009,26759,5469,315678,20.437983482192905
SAN,October,2009,6832,1555,62505,22.760538641686182
SFO,October,2009,11663,3458,225337,29.64931835719798
SLC,October,2009,10457,2021,85392,19.326766759108732
ATL,November,2009,33915,6669,326952,19.66386554621849
DEN,November,2009,17964,1188,59964,6.613226452905812
IAD,November,2009,5042,667,31862,13.228877429591432
ORD,November,2009,24925,1991,100395,7.987963891675025
SAN,November,2009,6371,508,22348,7.973630513263225
SFO,November,2009,10936,1138,69489,10.40599853694221
SLC,November,2009,9912,593,26981,5.982647296206618
ATL,December,2009,34122,9660,563354,28.31018111482328
DEN,December,2009,19064,4442,238814,23.300461603021404
IAD,December,2009,5362,1120,66229,20.887728459530024
ORD,December,2009,25716,7340,551151,28.542541608337224
SAN,December,2009,6561,1530,70135,23.319615912208505
SFO,December,2009,11402,3168,203884,27.784599193124016
SLC,December,2009,10334,2748,140089,26.591832784981612
ATL,January,2010,33729,5908,385173,17.516084081947287
DEN,January,2010,18999,2680,141178,14.106005579241012
IAD,January,2010,5738,1098,63482,19.13558731265249
ORD,January,2010,25460,5164,279701,20.2827965435978
SAN,January,2010,6338,963,44381,15.194067529189018
SFO,January,2010,11279,3555,256504,31.518751662381415
SLC,January,2010,10452,1554,72284,14.86796785304248
ATL,February,2010,31253,6557,418899,20.980385882955236
DEN,February,2010,17813,2758,130896,15.483074159321845
IAD,February,2010,5441,953,55320,17.51516265392391
ORD,February,2010,23737,5123,306691,21.582339807052282
SAN,February,2010,5843,826,38464,14.136573677905186
SFO,February,2010,10307,3177,212140,30.823712040360917
SLC,February,2010,9507,1211,55878,12.737982539181655
ATL,March,2010,35186,7275,497183,20.67583698061729
DEN,March,2010,20229,2840,147563,14.039250580849275
IAD,March,2010,6248,1294,64278,20.710627400768246
ORD,March,2010,27054,4990,336226,18.444592296887706
SAN,March,2010,6615,947,42845,14.315948601662887
SFO,March,2010,11534,2423,159709,21.007456216403675
SLC,March,2010,10594,1146,54175,10.817443836133661
ATL,April,2010,34177,4227,277192,12.3679667612722
DEN,April,2010,19059,2537,122726,13.311296500341047
IAD,April,2010,6245,710,36926,11.369095276220976
ORD,April,2010,25754,4323,287075,16.785742020656986
SAN,April,2010,6493,929,38549,14.307716001848144
SFO,April,2010,11236,2356,154108,20.96831612673549
SLC,April,2010,9940,1281,57665,12.887323943661972
ATL,May,2010,34856,7247,472715,20.791255450998396
DEN,May,2010,19890,3165,193474,15.912518853695323
IAD,May,2010,6528,1004,55899,15.379901960784315
ORD,May,2010,26479,6396,470953,24.15499074738472
SAN,May,2010,6953,1185,54898,17.043003020279016
SFO,May,2010,11738,3008,194518,25.626171409098653
SLC,May,2010,10277,1430,68171,13.91456650773572
ATL,June,2010,35143,8254,512270,23.486896394730103
DEN,June,2010,20444,3825,219453,18.709645861866562
IAD,June,2010,6697,1348,96501,20.128415708526205
ORD,June,2010,26671,7489,571453,28.079187132091032
SAN,June,2010,6981,1304,63940,18.679272310557227
SFO,June,2010,12025,3372,234902,28.041580041580044
SLC,June,2010,10982,1677,80209,15.270442542342014
ATL,July,2010,36074,8448,578177,23.418528580140823
DEN,July,2010,21407,3913,205956,18.27906759471201
IAD,July,2010,7000,1236,81064,17.65714285714286
ORD,July,2010,27581,5861,357928,21.250135963163046
SAN,July,2010,7133,1306,63804,18.309266788167673
SFO,July,2010,12451,2974,171161,23.885631676170586
SLC,July,2010,11267,1757,90006,15.594213188958905
ATL,August,2010,36128,7704,466104,21.324180690876883
DEN,August,2010,21473,2903,142810,13.519303311134914
IAD,August,2010,7035,1087,71170,15.45131485429993
ORD,August,2010,27822,4666,284188,16.77090072604414
SAN,August,2010,6991,995,44174,14.232584751823774
SFO,August,2010,12557,3539,221633,28.183483316078682
SLC,August,2010,11371,1642,77350,14.440242722715679
ATL,September,2010,34266,4713,270298,13.7541586412187
DEN,September,2010,19817,1874,87412,9.456527224100519
IAD,September,2010,6482,839,45029,12.943535945695771
ORD,September,2010,26339,3117,163920,11.834162268878849
SAN,September,2010,6262,820,32218,13.094857872884063
SFO,September,2010,11675,2595,165623,22.226980728051394
SLC,September,2010,10082,1578,62400,15.651656417377504
ATL,October,2010,35494,5161,362961,14.540485715895644
DEN,October,2010,20422,2455,118349,12.021349525022035
IAD,October,2010,6876,809,40870,11.765561372891217
ORD,October,2010,27106,3216,188044,11.864531837969453
SAN,October,2010,6521,1169,52382,17.92669835914737
SFO,October,2010,12034,2901,195926,24.10669768987868
SLC,October,2010,9895,1436,64216,14.512379989893887
ATL,November,2010,33850,5411,318986,15.98522895125554
DEN,November,2010,19148,2698,114602,14.09024441194903
IAD,November,2010,6256,622,33165,9.942455242966751
ORD,November,2010,24538,3384,193382,13.790855000407532
SAN,November,2010,6149,1136,48560,18.474548707106848
SFO,November,2010,11396,2285,130134,20.05089505089505
SLC,November,2010,9856,2106,99630,21.367694805194805
ATL,December,2010,34440,6986,424899,20.284552845528456
DEN,December,2010,19848,3975,206494,20.027206771463117
IAD,December,2010,6565,1333,80931,20.304645849200302
ORD,December,2010,24870,6026,406158,24.229995979091274
SAN,December,2010,6372,1941,98763,30.46139359698682
SFO,December,2010,11792,4703,336264,39.88297150610583
SLC,December,2010,10486,3114,161125,29.696738508487506
ATL,January,2011,32013,5391,292039,16.84003373629463
DEN,January,2011,19283,3545,181334,18.38406886895193
IAD,January,2011,6169,966,54600,15.658939860593287
ORD,January,2011,23866,5260,345808,22.039721779937988
SAN,January,2011,6294,1230,55034,19.54242135367016
SFO,January,2011,11486,2811,181060,24.473271809158977
SLC,January,2011,10174,1942,95800,19.087871043837232
ATL,February,2011,29034,4979,283517,17.14885995729145
DEN,February,2011,17755,3687,185481,20.765981413686283
IAD,February,2011,6085,1044,71224,17.156943303204603
ORD,February,2011,23295,5768,404934,24.760678257136725
SAN,February,2011,5737,1402,63555,24.437859508453897
SFO,February,2011,10454,2639,171332,25.24392577004018
SLC,February,2011,9319,1552,77206,16.65414744071252
ATL,March,2011,33855,7637,413305,22.557967803869445
DEN,March,2011,20562,3229,157625,15.703725318548777
IAD,March,2011,6964,1058,62563,15.192418150488225
ORD,March,2011,27287,4951,321799,18.14417121706307
SAN,March,2011,6532,1488,65847,22.780159216166567
SFO,March,2011,11968,4092,274532,34.19117647058824
SLC,March,2011,10817,1702,79456,15.734492003328093
ATL,April,2011,32549,6694,386145,20.56591600356386
DEN,April,2011,19247,3316,167815,17.228659011794043
IAD,April,2011,6674,1363,80780,20.422535211267608
ORD,April,2011,26422,7254,525354,27.454394065551433
SAN,April,2011,6200,1460,67498,23.548387096774192
SFO,April,2011,11470,2884,146034,25.143853530950306
SLC,April,2011,9845,1639,73786,16.64804469273743
ATL,May,2011,34077,5838,373394,17.131789770226252
DEN,May,2011,20188,3611,201979,17.886863483257383
IAD,May,2011,7034,1676,102335,23.827125390958205
ORD,May,2011,27227,6760,559563,24.828295442024462
SAN,May,2011,6518,1265,62126,19.40779380177969
SFO,May,2011,11873,3037,179828,25.579044891771247
SLC,May,2011,10045,1184,63080,11.78695868591339
ATL,June,2011,34134,8192,559962,23.999531259155095
DEN,June,2011,21465,3790,222909,17.65665036105288
IAD,June,2011,6677,1543,103672,23.1091807698068
ORD,June,2011,27667,6146,450936,22.214190190479634
SAN,June,2011,6623,1398,70526,21.108259097085913
SFO,June,2011,12381,3793,240475,30.635651401340763
SLC,June,2011,10460,1287,63103,12.304015296367114
ATL,July,2011,35052,8046,538878,22.954467648065734
DEN,July,2011,22447,4521,273543,20.140776050251706
IAD,July,2011,6733,1577,107504,23.421951581761473
ORD,July,2011,28508,6737,469392,23.63196295776624
SAN,July,2011,6865,1088,59870,15.848506919155133
SFO,July,2011,12953,4069,301384,31.41357214544893
SLC,July,2011,11002,1344,74941,12.215960734411926
ATL,August,2011,34781,5705,349999,16.40263362180501
DEN,August,2011,22524,3334,171776,14.801988989522288
IAD,August,2011,6621,1372,92343,20.721945325479535
ORD,August,2011,28451,5079,361486,17.85174510562019
SAN,August,2011,6779,1038,54006,15.311992919309633
SFO,August,2011,13190,3907,248964,29.620924943138743
SLC,August,2011,10753,1078,57248,10.025109271831118
ATL,September,2011,31729,4413,252266,13.908411862964481
DEN,September,2011,19819,2267,114262,11.438518593269086
IAD,September,2011,5801,1293,73370,22.289260472332355
ORD,September,2011,25661,4233,243806,16.49584973305795
SAN,September,2011,6167,770,34989,12.485811577752553
SFO,September,2011,12531,2542,144024,20.28569148511691
SLC,September,2011,9456,697,31164,7.3709813874788495
ATL,October,2011,33298,4062,211724,12.19893086671872
DEN,October,2011,19813,2225,111803,11.230000504719124
IAD,October,2011,6109,980,54670,16.041905385496808
ORD,October,2011,26324,3281,175595,12.463911259686977
SAN,October,2011,6324,911,40126,14.405439595192915
SFO,October,2011,12905,3192,176735,24.734598992638514
SLC,October,2011,9536,736,34270,7.718120805369128
ATL,November,2011,31322,3957,201148,12.633292893174128
DEN,November,2011,18515,2081,96076,11.239535511747233
IAD,November,2011,5832,757,41527,12.980109739368997
ORD,November,2011,24395,4790,318060,19.63517114162738
SAN,November,2011,5980,919,39026,15.36789297658863
SFO,November,2011,12099,3235,198639,26.737746921233157
SLC,November,2011,8806,871,40027,9.890983420395186
ATL,December,2011,31207,4283,261580,13.724484891210306
DEN,December,2011,19779,3741,192627,18.91399969664796
IAD,December,2011,6185,793,44027,12.821341956346
ORD,December,2011,24656,3556,196396,14.422452952628165
SAN,December,2011,6316,819,37234,12.967067764407853
SFO,December,2011,12412,2170,139998,17.48308088946181
SLC,December,2011,9246,957,44983,10.350421804023362
ATL,January,2012,31351,4638,278002,14.793786482089885
DEN,January,2012,18986,2570,134760,13.536289897819445
IAD,January,2012,5781,916,48800,15.845009513924927
ORD,January,2012,24791,3896,250267,15.7153805816627
SAN,January,2012,6119,804,42745,13.13940186304952
SFO,January,2012,13437,3179,247869,23.658554736920443
SLC,January,2012,9106,941,45536,10.33384581594553
ATL,February,2012,29757,3509,197995,11.79218335181638
DEN,February,2012,18177,2792,149007,15.360070418660946
IAD,February,2012,5636,613,36786,10.876508161816892
ORD,February,2012,23697,3164,220401,13.351901084525467
SAN,February,2012,5878,709,30107,12.061925825110583
SFO,February,2012,12663,2290,127138,18.084182263286742
SLC,February,2012,8660,898,41581,10.369515011547344
ATL,March,2012,33669,5331,297313,15.83355609017197
DEN,March,2012,20347,2662,137548,13.083009780311594
IAD,March,2012,6467,1333,72108,20.61233957012525
ORD,March,2012,25618,4823,315907,18.82660629245062
SAN,March,2012,6527,981,46577,15.029875900107248
SFO,March,2012,14067,3976,307327,28.264733063197557
SLC,March,2012,9833,1006,49653,10.230855283229939
ATL,April,2012,32653,3124,172688,9.567267938627385
DEN,April,2012,19158,2379,118491,12.41778891324773
IAD,April,2012,6221,808,43332,12.988265552162032
ORD,April,2012,25810,3200,179186,12.39829523440527
SAN,April,2012,6329,863,40752,13.63564544161795
SFO,April,2012,13952,2992,186299,21.444954128440365
SLC,April,2012,9052,726,33325,8.020326999558108
ATL,May,2012,33882,4740,263993,13.989729059677705
DEN,May,2012,19607,2518,123839,12.842352221145509
IAD,May,2012,6696,1339,81371,19.99701314217443
ORD,May,2012,26746,4543,335687,16.985717490465866
SAN,May,2012,6575,832,42059,12.653992395437264
SFO,May,2012,14448,3285,205962,22.73671096345515
SLC,May,2012,9050,683,33281,7.546961325966851
ATL,June,2012,34227,4993,298416,14.587898442749875
DEN,June,2012,20862,3843,208725,18.421052631578945
IAD,June,2012,6429,1424,90235,22.14963446881319
ORD,June,2012,27161,4513,317085,16.615735797651045
SAN,June,2012,6772,1197,63023,17.675723567631422
SFO,June,2012,14937,4345,332278,29.08883979380063
SLC,June,2012,9479,978,53000,10.317544044730456
ATL,July,2012,34915,7465,508667,21.380495489044822
DEN,July,2012,22168,4666,265347,21.048357993504148
IAD,July,2012,6532,1907,140801,29.19473361910594
ORD,July,2012,27657,6860,503942,24.80384712730954
SAN,July,2012,7035,1357,76668,19.289267945984363
SFO,July,2012,15711,4877,366008,31.041945133982562
SLC,July,2012,9844,1266,69530,12.860625761885414
ATL,August,2012,34724,6190,400289,17.82628729409054
DEN,August,2012,21763,3514,194186,16.14667095529109
IAD,August,2012,6506,1554,104706,23.885644020903783
ORD,August,2012,28106,5696,397198,20.26613534476624
SAN,August,2012,6867,1277,68662,18.596184651230523
SFO,August,2012,15716,4728,317437,30.083990837363196
SLC,August,2012,9821,1126,57306,11.465227573566846
ATL,September,2012,31593,3780,223268,11.96467571930491
DEN,September,2012,18795,2289,112687,12.17877094972067
IAD,September,2012,6577,1155,69514,17.561198114641936
ORD,September,2012,25694,4680,270707,18.214369113411692
SAN,September,2012,6185,974,47013,15.747776879547292
SFO,September,2012,14184,4493,273764,31.676536943034407
SLC,September,2012,8871,657,35173,7.406154886709502
ATL,October,2012,33102,4852,257709,14.657724608784967
DEN,October,2012,19305,2904,130725,15.042735042735043
IAD,October,2012,6873,970,57673,14.113196566273825
ORD,October,2012,27000,5817,381337,21.544444444444444
SAN,October,2012,6427,1216,60346,18.92018048856387
SFO,October,2012,14756,4876,305621,33.044185416101925
SLC,October,2012,9164,1024,48590,11.174159755565254
ATL,November,2012,31061,2923,162964,9.410514793470911
DEN,November,2012,17851,2100,104140,11.764046832110246
IAD,November,2012,6207,777,46556,12.518124697921701
ORD,November,2012,24620,3466,237211,14.077985377741673
SAN,November,2012,6087,893,46890,14.670609495646458
SFO,November,2012,13645,3359,255970,24.617075851960422
SLC,November,2012,8551,827,44100,9.671383463922348
ATL,December,2012,31019,4825,278180,15.554982430123474
DEN,December,2012,18601,4747,244534,25.52013332616526
IAD,December,2012,6197,1200,75343,19.364208487978054
ORD,December,2012,23741,5166,353592,21.759824775704477
SAN,December,2012,6324,1596,73476,25.23719165085389
SFO,December,2012,13823,4514,322839,32.65571872965348
SLC,December,2012,8872,1684,79481,18.981064021641117
ATL,January,2013,32355,4472,271374,13.821665893988563
DEN,January,2013,17809,3602,178319,20.22572856420911
IAD,January,2013,6024,918,54580,15.239043824701195
ORD,January,2013,23878,5310,350151,22.238043387218358
SAN,January,2013,6120,886,39984,14.477124183006538
SFO,January,2013,13214,2136,108983,16.16467383078553
SLC,January,2013,9058,1686,101104,18.6133804371826
ATL,February,2013,29447,4345,236096,14.755323122898767
DEN,February,2013,16616,3196,177546,19.234472797303802
IAD,February,2013,5366,988,57423,18.412225121133062
ORD,February,2013,22179,5942,408233,26.791108706434013
SAN,February,2013,5609,776,35842,13.834908183276875
SFO,February,2013,12026,2038,114127,16.94661566605688
SLC,February,2013,8262,1085,56006,13.132413459210845
ATL,March,2013,34682,5479,337684,15.79782019491379
DEN,March,2013,19520,3948,237356,20.225409836065573
IAD,March,2013,6231,1179,70010,18.921521425132404
ORD,March,2013,25505,5149,329196,20.188198392472064
SAN,March,2013,6496,1096,50995,16.871921182266007
SFO,March,2013,13871,2989,190212,21.54855453824526
SLC,March,2013,10092,1292,67608,12.80221957986524
ATL,April,2013,33654,5384,315186,15.998098294407798
DEN,April,2013,18451,4330,267467,23.467562733727167
IAD,April,2013,6160,1193,76360,19.366883116883116
ORD,April,2013,26046,7097,645969,27.247945941795287
SAN,April,2013,6393,1317,60024,20.60065696855936
SFO,April,2013,13715,3679,223970,26.824644549763033
SLC,April,2013,9425,1299,66589,13.782493368700266
ATL,May,2013,34412,5480,320885,15.924677438102988
DEN,May,2013,19060,3636,202370,19.07660020986359
IAD,May,2013,6482,1532,93156,23.6346806541191
ORD,May,2013,27023,6550,496258,24.238611553121416
SAN,May,2013,6612,1016,49777,15.366001209921354
SFO,May,2013,14300,3318,223148,23.202797202797203
SLC,May,2013,9378,1017,51733,10.844529750479847
ATL,June,2013,34436,9474,666436,27.511906144732258
DEN,June,2013,19536,4650,278359,23.8022113022113
IAD,June,2013,6527,1835,127799,28.11398804963996
ORD,June,2013,27274,8585,679604,31.47686441299406
SAN,June,2013,6763,1693,89782,25.033269259204495
SFO,June,2013,14768,4940,387318,33.45070422535211
SLC,June,2013,9994,1393,81328,13.938363017810687
ATL,July,2013,35541,10827,757977,30.463408457837428
DEN,July,2013,20254,4832,285643,23.857015898094204
IAD,July,2013,6559,1834,117022,27.961579509071505
ORD,July,2013,27970,6767,417557,24.19377904898105
SAN,July,2013,7015,1510,78925,21.525302922309336
SFO,July,2013,15401,5688,467629,36.9326667099539
SLC,July,2013,10328,1473,82074,14.262199845081334
ATL,August,2013,35139,6985,386471,19.878198013603118
DEN,August,2013,20027,4306,230477,21.500973685524542
IAD,August,2013,6509,1217,72063,18.69718850821939
ORD,August,2013,27714,5596,355968,20.19196074186332
SAN,August,2013,6850,1489,71394,21.73722627737226
SFO,August,2013,15478,5411,359038,34.959297066804496
SLC,August,2013,10402,1228,66454,11.805422034224188
ATL,September,2013,32046,3940,212088,12.294826187355676
DEN,September,2013,18823,3667,202709,19.481485416777346
IAD,September,2013,6118,926,58106,15.135665250081725
ORD,September,2013,25285,3473,257655,13.735416254696462
SAN,September,2013,6166,1171,54294,18.991242296464485
SFO,September,2013,13903,3488,238489,25.088110479752572
SLC,September,2013,9137,970,51669,10.616175987742148
ATL,October,2013,33810,3668,194893,10.848861283643894
DEN,October,2013,19405,3459,162692,17.825302757021387
IAD,October,2013,6513,915,51949,14.048825426070936
ORD,October,2013,26539,4510,246167,16.99385809563284
SAN,October,2013,6383,1232,49147,19.301268995770013
SFO,October,2013,14295,2844,181717,19.895068205666316
SLC,October,2013,9264,897,41022,9.682642487046632
ATL,November,2013,31466,4714,252055,14.981249602745821
DEN,November,2013,17962,2848,146895,15.85569535686449
IAD,November,2013,5887,901,54416,15.304909121793782
ORD,November,2013,24033,4045,252473,16.831024008654765
SAN,November,2013,6029,1023,45755,16.967988057721016
SFO,November,2013,13289,2294,131289,17.262397471593047
SLC,November,2013,8510,809,43203,9.506462984723854
ATL,December,2013,31894,7524,415453,23.59064400827742
DEN,December,2013,19028,6423,357353,33.75551818372924
IAD,December,2013,5789,1356,85410,23.423734669200208
ORD,December,2013,23086,7446,468194,32.253313696612665
SAN,December,2013,6243,1751,82541,28.047413102674994
SFO,December,2013,13809,3138,166582,22.724310232457093
SLC,December,2013,8737,2265,136451,25.92423028499485
ATL,January,2014,30784,7528,546815,24.454261954261955
DEN,January,2014,17955,5218,329439,29.061542745753272
IAD,January,2014,4688,1198,90522,25.554607508532424
ORD,January,2014,21529,6509,494069,30.23363834827442
SAN,January,2014,6086,1566,87893,25.731186329280316
SFO,January,2014,13539,3387,202325,25.016618657212497
SLC,January,2014,8676,1671,100598,19.26002766251729
ATL,February,2014,27982,4884,292859,17.454077621327997
DEN,February,2014,16179,4532,252663,28.01162000123617
IAD,February,2014,4222,818,54273,19.374703931785884
ORD,February,2014,19812,5332,355785,26.91298203109227
SAN,February,2014,5485,1515,73510,27.620783956244306
SFO,February,2014,12081,4516,332440,37.38101150567006
SLC,February,2014,7807,1295,68580,16.587677725118482
ATL,March,2014,32702,6001,339059,18.350559598801297
DEN,March,2014,18996,4145,226910,21.820383238576543
IAD,March,2014,5215,973,62756,18.65771812080537
ORD,March,2014,22922,5293,323521,23.09135328505366
SAN,March,2014,6430,1326,57384,20.62208398133748
SFO,March,2014,13846,3335,185666,24.086378737541526
SLC,March,2014,9371,1254,61800,13.38170952939921
ATL,April,2014,31117,5240,288128,16.839669633962142
DEN,April,2014,17455,3072,165260,17.599541678602122
IAD,April,2014,4987,897,51034,17.98676559053539
ORD,April,2014,23234,5456,335434,23.482826891624345
SAN,April,2014,6255,1292,59395,20.655475619504397
SFO,April,2014,13734,2908,174688,21.173729430610162
SLC,April,2014,8728,1022,52265,11.709440879926673
ATL,May,2014,31799,5135,309830,16.148306550520456
DEN,May,2014,18997,4224,254326,22.23508975101332
IAD,May,2014,5105,1076,76136,21.07737512242899
ORD,May,2014,24634,7137,463309,28.9721523098157
SAN,May,2014,6450,1342,65506,20.806201550387595
SFO,May,2014,14164,3704,204974,26.15080485738492
SLC,May,2014,8804,1034,58251,11.744661517492048
ATL,June,2014,30945,6226,381488,20.11956697366295
DEN,June,2014,19708,4810,292769,24.406332453825858
IAD,June,2014,4936,1308,89278,26.499189627228525
ORD,June,2014,25381,9004,617288,35.47535558094638
SAN,June,2014,6742,1779,92357,26.386828834173837
SFO,June,2014,14372,4560,263334,31.728360701363762
SLC,June,2014,9503,1391,81921,14.6374829001368
ATL,July,2014,31798,4685,293940,14.733631045977734
DEN,July,2014,20773,4826,290213,23.23208010398113
IAD,July,2014,5128,1107,78762,21.587363494539783
ORD,July,2014,25885,6148,355350,23.751207262893566
SAN,July,2014,7193,1658,90171,23.050187682469065
SFO,July,2014,14951,4358,264139,29.14855193632533
SLC,July,2014,10031,1361,77515,13.567939387897518
ATL,August,2014,31608,4944,353250,15.641609719058467
DEN,August,2014,20184,4033,237330,19.9811732065002
IAD,August,2014,5060,1010,62655,19.960474308300398
ORD,August,2014,25717,8217,562982,31.95162732822647
SAN,August,2014,6928,1351,69492,19.500577367205544
SFO,August,2014,14766,3705,213593,25.091426249492077
SLC,August,2014,10043,1254,67718,12.48630887185104
ATL,September,2014,30198,5801,312413,19.20988144910259
DEN,September,2014,18907,2881,165681,15.23774263500291
IAD,September,2014,4857,870,52256,17.91229153798641
ORD,September,2014,24905,5724,390547,22.98333667938165
SAN,September,2014,6228,946,45644,15.189466923570972
SFO,September,2014,13871,3429,192709,24.72064018455771
SLC,September,2014,9108,906,50464,9.947299077733861
ATL,October,2014,31613,4762,267929,15.063423275234872
DEN,October,2014,19411,2990,159506,15.403637112977178
IAD,October,2014,5055,1064,59562,21.048466864490603
ORD,October,2014,26310,9148,587209,34.77004941087039
SAN,October,2014,6528,1002,46017,15.349264705882353
SFO,October,2014,14489,3362,201417,23.203809786734762
SLC,October,2014,9233,876,43142,9.487707137441785
ATL,November,2014,29296,3420,184228,11.67394866193337
DEN,November,2014,17296,3317,195671,19.177844588344126
IAD,November,2014,4412,712,47050,16.13780598368087
ORD,November,2014,23564,5093,297995,21.613478187065013
SAN,November,2014,6068,983,47517,16.199736321687542
SFO,November,2014,13243,3578,237434,27.018047270255984
SLC,November,2014,8457,1152,64233,13.62185172046825
ATL,December,2014,30000,3770,212463,12.566666666666668
DEN,December,2014,18206,4411,253825,24.22827639239811
IAD,December,2014,4320,937,50832,21.689814814814813
ORD,December,2014,23484,4763,250923,20.281894055527168
SAN,December,2014,6339,1746,92118,27.543776620918127
SFO,December,2014,13827,5721,462958,41.375569537860706
SLC,December,2014,8825,1546,84162,17.518413597733712
ATL,January,2015,29492,4331,259410,14.685338396853384
DEN,January,2015,17059,3885,230061,22.77390233894132
IAD,January,2015,3700,855,52993,23.10810810810811
ORD,January,2015,23515,6551,445150,27.85881352328301
SAN,January,2015,6084,1030,49728,16.92965154503616
SFO,January,2015,12883,2850,176783,22.122176511682063
SLC,January,2015,8626,1191,67026,13.807094829584976
ATL,February,2015,27366,4662,318276,17.035737776803334
DEN,February,2015,15638,3742,218738,23.928891162552755
IAD,February,2015,2998,656,40058,21.881254169446297
ORD,February,2015,21814,6606,437556,30.28330429999083
SAN,February,2015,5478,1119,56932,20.427163198247538
SFO,February,2015,11555,2929,202402,25.348334054521853
SLC,February,2015,7866,1108,64768,14.085939486397153
ATL,March,2015,32775,5181,303090,15.807780320366133
DEN,March,2015,18617,3156,185184,16.952247945426222
IAD,March,2015,3033,548,32675,18.067919551599076
ORD,March,2015,26122,5374,348102,20.57269734323559
SAN,March,2015,6589,1039,55507,15.768705418121112
SFO,March,2015,13431,2421,145963,18.025463480008934
SLC,March,2015,9475,1135,67796,11.978891820580474
ATL,April,2015,31383,4356,259165,13.880126182965299
DEN,April,2015,17472,3024,171016,17.307692307692307
IAD,April,2015,2955,438,24850,14.822335025380712
ORD,April,2015,25845,4364,307578,16.885277616560263
SAN,April,2015,6422,1176,58236,18.312052320149487
SFO,April,2015,13015,2496,144693,19.17787168651556
SLC,April,2015,8845,1042,59644,11.780667043527417
ATL,May,2015,32425,4446,330862,13.711642251349268
DEN,May,2015,18072,3480,196031,19.256308100929616
IAD,May,2015,3244,548,33715,16.892725030826142
ORD,May,2015,26909,4789,304479,17.79701958452562
SAN,May,2015,6595,1266,63201,19.196360879454133
SFO,May,2015,13520,3753,223817,27.75887573964497
SLC,May,2015,8757,921,52548,10.517300445358
ATL,June,2015,32739,6031,429830,18.421454534347415
DEN,June,2015,18684,4773,319132,25.54592164418754
IAD,June,2015,3382,893,55860,26.40449438202247
ORD,June,2015,27590,7889,581576,28.593693367162015
SAN,June,2015,6763,1479,72919,21.868993050421413
SFO,June,2015,13844,3135,194632,22.645189251661368
SLC,June,2015,8975,1305,77573,14.540389972144846
ATL,July,2015,33735,5258,336605,15.586186453238476
DEN,July,2015,19083,4171,255722,21.857150343237436
IAD,July,2015,3334,669,39614,20.065986802639472
ORD,July,2015,28183,6130,413016,21.75070077706419
SAN,July,2015,7031,1564,84314,22.24434646565211
SFO,July,2015,14435,3684,222354,25.521302390024246
SLC,July,2015,9502,1298,78126,13.660282045885078
ATL,August,2015,33725,5145,332631,15.255744996293553
DEN,August,2015,18871,3304,196833,17.50834613957925
IAD,August,2015,3228,576,36951,17.843866171003718
ORD,August,2015,28128,5110,359191,18.166951080773604
SAN,August,2015,6876,1212,60636,17.62652705061082
SFO,August,2015,14605,3149,182462,21.56110920917494
SLC,August,2015,9502,1157,63116,12.17638391917491
ATL,September,2015,31331,3134,189013,10.002872554339152
DEN,September,2015,17393,1802,106946,10.360489852239407
IAD,September,2015,2925,397,20898,13.572649572649572
ORD,September,2015,26169,3879,249030,14.82288203599679
SAN,September,2015,6173,722,35527,11.69609590150656
SFO,September,2015,13318,1913,104536,14.364018621414626
SLC,September,2015,8406,671,40106,7.9823935284320715
ATL,October,2015,32594,3098,185823,9.504816837454747
DEN,October,2015,18125,2200,121745,12.137931034482758
IAD,October,2015,3000,352,18872,11.733333333333333
ORD,October,2015,27608,3236,187975,11.721240220226022
SAN,October,2015,6207,661,33975,10.649266956661833
SFO,October,2015,14170,2096,128173,14.79181369089626
SLC,October,2015,8764,652,35799,7.439525330899133
ATL,November,2015,30903,4060,232209,13.137883053425234
DEN,November,2015,17120,3076,185113,17.967289719626166
IAD,November,2015,2684,320,20330,11.922503725782414
ORD,November,2015,26063,3962,338718,15.201626827303075
SAN,November,2015,5965,997,50942,16.714165968147526
SFO,November,2015,13527,2189,128015,16.182449914984844
SLC,November,2015,8435,981,53796,11.630112625963248
ATL,December,2015,31030,5474,435512,17.640992587818243
DEN,December,2015,18001,3610,257655,20.054441419921115
IAD,December,2015,2799,443,31164,15.827081100392999
ORD,December,2015,25568,4233,307956,16.555851063829788
SAN,December,2015,6231,1383,73139,22.19547424169475
SFO,December,2015,13833,4465,359584,32.27788621412564
SLC,December,2015,8804,1745,107269,19.82053611994548
